Score,ctrl_mean,ctrl_std,ctrl_min,ctrl_max,cross_batch_std_of_means,var_mean,var_std,n_hits_95,n_hits_99,pct_hits_95,pct_hits_99
AUROC,0.5712817745914535,0.19992878630537278,0.00003829503829503831,1.0,0.03497313696760419,0.7448723591547459,0.17604399068509247,5699,1304,16.76521636807578,3.8360838996263937
MislocScore_ecdf,0.5019464720194647,0.28867360386737684,0.0026595744680851063,1.0000000000000002,0.0008450358640323234,0.7242749646768464,0.24381995901336087,6624,2595,19.486364839819963,7.633924631541788
MislocScore_sigmoid,0.16211920235768512,0.1856584027811523,0.00016069643992177522,0.9755074854021807,0.004335976884803139,0.3402979755098454,0.2521116415455663,126,0,0.3706645485835319,0.0
MislocScore_minmax,0.1970996783925157,0.29862604880048277,0.0,1.0,0.0495210157598828,0.46985254522462255,0.36171900177362765,4683,3288,13.776365722354603,9.672579648751213
MislocScore_cdf,0.49331497933802676,0.2838197750470467,7.66514043691594e-6,0.9999619551107082,0.00982038266587097,0.7271505968572244,0.2531137210833857,8508,1823,25.028682375783248,5.3628688259347514
