allele_0,Altered_DNA_95_BioRep2,Altered_DNA_95_BioRep1,Altered_DNA_95_both_batches,Altered_DNA_99_BioRep2,Altered_DNA_99_BioRep1,Altered_DNA_99_both_batches,AUROC_BioRep2,AUROC_BioRep1,AUROC_Mean
MVK_Ser329Asn,1,1,true,1,1,true,0.9715728994568104,0.9161258721029192,0.9438493857798648
MLH1_Ile36Asn,0,1,false,0,1,false,0.7978163835957084,0.8896212410110956,0.8437188123034021
MLH1_Lys670Arg,1,1,true,0,1,false,0.9265246433936215,0.938427778769566,0.9324762110815937
MLH1_Lys751Arg,1,1,true,0,1,false,0.878476828327673,0.9416723217855469,0.9100745750566099
GSS_Arg125Cys,0,0,false,0,0,false,0.7734079831893774,0.7349522733538877,0.7541801282716325
MLH1_His318Gln,1,1,true,0,1,false,0.9109815131345209,0.94031440476036,0.9256479589474405
MLH1_Ser295Thr,1,1,true,1,1,true,0.9742077254233208,0.9600305284798955,0.9671191269516082
MVK_Pro288Leu,0,1,false,0,0,false,0.5927587903692788,0.8473295634249577,0.7200441768971182
MLH1_Pro640Ser,1,1,true,0,1,false,0.940686637291346,0.9515760581167096,0.9461313477040278
MLH1_Gly147Arg,1,1,true,0,1,false,0.8678736710659887,0.9179345861782342,0.8929041286221114
MLH1_Asp485Glu,1,1,true,0,1,false,0.9013148016719406,0.9088647541155495,0.905089777893745
MLH1_Ser508Arg,1,1,true,0,1,false,0.8835715437679535,0.9395871900591917,0.9115793669135726
MVK_Asn301Thr,1,1,true,0,1,false,0.9659309151533332,0.9027208831843399,0.9343258991688366
MLH1_Ala681Thr,0,0,false,0,0,false,0.7568872449509181,0.6383325532114166,0.6976098990811673
MLH1_Ile36Met,0,1,false,0,0,false,0.7124127545812462,0.7869528111458847,0.7496827828635655
MLH1_Val185Gly,1,1,true,1,1,true,0.9740759965038519,0.9861469181182604,0.9801114573110561
MLH1_Ser44Phe,1,1,true,0,1,false,0.9384694417114985,0.98280583430531,0.9606376380084043
MLH1_Leu653Pro,1,1,true,0,1,false,0.8881047163783031,0.882044965663318,0.8850748410208106
MLH1_Cys39Tyr,0,1,false,0,0,false,0.7457467433062943,0.8158490117068502,0.7807978775065723
MLH1_Cys680Arg,1,1,true,0,0,false,0.8655923527674447,0.769997664584292,0.8177950086758683
MLH1_Lys618Arg,1,1,true,0,0,false,0.8973772462709391,0.8339794601185616,0.8656783531947503
MVK_Thr243IIe,0,0,false,0,0,false,0.5811886715039433,0.5471651996989523,0.5641769356014478
MLH1_Gln701His,1,1,true,0,1,false,0.8942771674819039,0.8999757825715797,0.8971264750267418
