allele_0,Altered_Mito_95_BioRep2,Altered_Mito_95_BioRep1,Altered_Mito_95_both_batches,Altered_Mito_99_BioRep2,Altered_Mito_99_BioRep1,Altered_Mito_99_both_batches,AUROC_BioRep2,AUROC_BioRep1,AUROC_Mean
MLH1_Lys618Arg,0,,false,0,,false,0.8538560636191597,,0.8538560636191597
MLH1_Ile36Met,0,,false,0,,false,0.7411747093973315,,0.7411747093973315
MVK_Thr243IIe,0,0,false,0,0,false,0.5551179830593564,0.4894029598100738,0.5222604714347151
MVK_Asn301Thr,0,1,false,0,0,false,0.8696628805977032,0.9044140901802815,0.8870384853889923
MLH1_Lys670Arg,1,,true,0,,false,0.9203380393522627,,0.9203380393522627
MVK_Ser329Asn,1,1,true,0,0,false,0.9417249213691083,0.9141556790952756,0.927940300232192
MLH1_Leu653Pro,0,,false,0,,false,0.8371845416827053,,0.8371845416827053
MLH1_Cys39Tyr,0,,false,0,,false,0.8036775201827252,,0.8036775201827252
MLH1_Ser44Phe,1,,true,0,,false,0.879146223036598,,0.879146223036598
MLH1_Cys680Arg,1,,true,0,,false,0.8992840597306059,,0.8992840597306059
GSS_Arg125Cys,0,1,false,0,0,false,0.776741415298224,0.8235951661681453,0.8001682907331846
MLH1_Pro640Ser,1,,true,0,,false,0.9255581082224583,,0.9255581082224583
MVK_Pro288Leu,0,1,false,0,0,false,0.5582103134735636,0.8889904766621524,0.723600395067858
MLH1_His318Gln,1,,true,0,,false,0.9102391338497646,,0.9102391338497646
MLH1_Ser508Arg,0,,false,0,,false,0.8538886901175744,,0.8538886901175744
MLH1_Val185Gly,0,,false,0,,false,0.8442623427021774,,0.8442623427021774
MLH1_Gly147Arg,0,,false,0,,false,0.8041458195284921,,0.8041458195284921
MLH1_Gln701His,1,,true,0,,false,0.8897864757460319,,0.8897864757460319
MLH1_Ala681Thr,0,,false,0,,false,0.585626424946484,,0.585626424946484
MLH1_Ile36Asn,0,,false,0,,false,0.8134686195717858,,0.8134686195717858
MLH1_Asp485Glu,0,,false,0,,false,0.8249894251956968,,0.8249894251956968
MLH1_Ser295Thr,1,,true,0,,false,0.9707155961640033,,0.9707155961640033
MLH1_Lys751Arg,0,,false,0,,false,0.8307800327636377,,0.8307800327636377
