allele_0,Altered_GFP_95_BioRep2,Altered_GFP_95_BioRep1,Altered_GFP_95_both_batches,Altered_GFP_99_BioRep2,Altered_GFP_99_BioRep1,Altered_GFP_99_both_batches,AUROC_BioRep2,AUROC_BioRep1,AUROC_Mean
GSS_Arg125Cys,0,1,false,0,0,false,0.7269764484649085,0.7574034174399082,0.7421899329524084
MVK_Pro288Leu,0,1,false,0,0,false,0.6573889851008928,0.7867598687324682,0.7220744269166806
MLH1_Cys680Arg,1,1,true,0,1,false,0.890348858684465,0.9069837585839686,0.8986663086342168
MLH1_Ala681Thr,1,1,true,0,1,false,0.9191197517647586,0.9330909732325601,0.9261053624986593
MVK_Thr243IIe,0,1,false,0,0,false,0.5266602241646298,0.7428168932823566,0.6347385587234932
MLH1_Gly147Arg,1,1,true,1,1,true,0.9843535925782236,0.9855809905502791,0.9849672915642513
MLH1_Ser44Phe,1,1,true,1,1,true,0.996341684176534,0.9988644216904652,0.9976030529334996
MLH1_Lys751Arg,1,1,true,0,1,false,0.840400165947144,0.9337193661409627,0.8870597660440533
MLH1_Cys39Tyr,1,1,true,1,1,true,0.9920997849018425,0.9869739697850226,0.9895368773434325
MLH1_Ile36Met,0,1,false,0,0,false,0.7442073198533998,0.7415334371265726,0.7428703784899862
MLH1_His318Gln,1,1,true,0,1,false,0.8896398514069869,0.9560454562928045,0.9228426538498957
MLH1_Ser295Thr,1,1,true,1,1,true,0.9807217490936084,0.97576465699234,0.9782432030429742
MLH1_Val185Gly,1,1,true,1,1,true,0.9921366798658178,0.9958185661360925,0.9939776230009552
MVK_Asn301Thr,1,1,true,1,1,true,0.9939260958602596,0.9897014229576714,0.9918137594089655
MLH1_Ser508Arg,1,1,true,0,1,false,0.8952258702233566,0.9749569636766211,0.9350914169499889
MLH1_Gln701His,1,1,true,1,1,true,0.9936457425523978,0.9922741192465491,0.9929599308994734
MLH1_Asp485Glu,1,1,true,0,1,false,0.8787608090100331,0.8544900544338492,0.8666254317219411
MLH1_Pro640Ser,1,1,true,0,1,false,0.9260112607258634,0.955611715848786,0.9408114882873246
MVK_Ser329Asn,1,1,true,1,1,true,0.9984146773367766,0.9981346538139346,0.9982746655753556
MLH1_Lys618Arg,1,1,true,0,1,false,0.8999504192316996,0.921599486915694,0.9107749530736968
MLH1_Ile36Asn,1,1,true,1,1,true,0.9910688156959236,0.986202884747829,0.9886358502218764
MLH1_Lys670Arg,1,1,true,0,1,false,0.9307525613009535,0.9557392942380711,0.9432459277695123
MLH1_Leu653Pro,1,,true,1,,true,0.9820945207991691,,0.9820945207991691
