allele_0,Altered_AGP_95_BioRep2,Altered_AGP_95_BioRep1,Altered_AGP_95_both_batches,Altered_AGP_99_BioRep2,Altered_AGP_99_BioRep1,Altered_AGP_99_both_batches,AUROC_BioRep2,AUROC_BioRep1,AUROC_Mean
GSS_Arg125Cys,0,1,false,0,0,false,0.7353299490148357,0.8754963244394709,0.8054131367271533
MLH1_Ser44Phe,1,1,true,0,1,false,0.8938864109357332,0.9595642123869702,0.9267253116613516
MVK_Ser329Asn,1,1,true,0,1,false,0.9579489668961616,0.9452794856886005,0.951614226292381
MLH1_Cys39Tyr,0,1,false,0,0,false,0.7859421379101157,0.7963547858001718,0.7911484618551438
MVK_Asn301Thr,1,1,true,0,1,false,0.9379044631075091,0.9105875879184434,0.9242460255129763
MLH1_Lys751Arg,0,1,false,0,1,false,0.8075061680312882,0.9489975255329277,0.8782518467821079
MLH1_Lys670Arg,1,1,true,0,1,false,0.9096819769144224,0.9081031656130234,0.9088925712637229
MLH1_Gln701His,1,1,true,0,0,false,0.8633614416541071,0.8918231245703903,0.8775922831122487
MVK_Pro288Leu,0,1,false,0,0,false,0.5586957166026996,0.8531683041084364,0.705932010355568
MVK_Thr243IIe,0,0,false,0,0,false,0.5435378869973774,0.5602689090401411,0.5519033980187593
MLH1_Ile36Asn,1,1,true,0,1,false,0.8226586060748745,0.9188609472012037,0.870759776638039
MLH1_Ser295Thr,1,1,true,1,1,true,0.9890740404295465,0.978931035005337,0.9840025377174417
MLH1_Ala681Thr,0,0,false,0,0,false,0.6555097115772283,0.6881010526617846,0.6718053821195065
MLH1_Leu653Pro,1,1,true,0,0,false,0.8176139417681443,0.8616127196754844,0.8396133307218143
MLH1_Ile36Met,0,0,false,0,0,false,0.6999981116351169,0.6755666792947351,0.687782395464926
MLH1_Pro640Ser,1,1,true,0,1,false,0.8925980910754557,0.921157587168268,0.9068778391218619
MLH1_Cys680Arg,1,1,true,0,0,false,0.8294242295166606,0.769949163084674,0.7996866963006672
MLH1_Lys618Arg,1,1,true,0,0,false,0.877521794909752,0.7871295656240749,0.8323256802669134
MLH1_His318Gln,1,1,true,0,1,false,0.8827850946642868,0.9297696116711718,0.9062773531677293
MLH1_Asp485Glu,1,1,true,0,1,false,0.8991080590380834,0.9117971311942223,0.905452595116153
MLH1_Val185Gly,1,1,true,0,1,false,0.8733914327756005,0.9203712147793247,0.8968813237774627
MLH1_Gly147Arg,0,1,false,0,1,false,0.7683601990730836,0.9240826473902641,0.8462214232316738
MLH1_Ser508Arg,1,1,true,0,0,false,0.8728072888286437,0.8816478930784883,0.8772275909535661
