allele_0,Altered_Morph_95_BioRep2,Altered_Morph_95_BioRep1,Altered_Morph_95_both_batches,Altered_Morph_99_BioRep2,Altered_Morph_99_BioRep1,Altered_Morph_99_both_batches,AUROC_BioRep2,AUROC_BioRep1,AUROC_Mean
MLH1_Cys680Arg,1,,true,0,,false,0.9260244653138878,,0.9260244653138878
MVK_Pro288Leu,0,1,false,0,0,false,0.5880425846352741,0.9279446739898334,0.7579936293125538
MLH1_Asp485Glu,1,,true,0,,false,0.9255061536017661,,0.9255061536017661
MLH1_Ile36Asn,0,,false,0,,false,0.8093485579831188,,0.8093485579831188
MVK_Ser329Asn,1,1,true,1,1,true,0.9770412193516489,0.9522043598034851,0.964622789577567
MLH1_Leu653Pro,1,,true,0,,false,0.9034719937338992,,0.9034719937338992
MLH1_His318Gln,1,,true,0,,false,0.9403632259682091,,0.9403632259682091
GSS_Arg125Cys,0,1,false,0,0,false,0.7955103623959662,0.8741331570343909,0.8348217597151786
MLH1_Gln701His,1,,true,0,,false,0.9284228568887991,,0.9284228568887991
MLH1_Lys618Arg,1,,true,0,,false,0.9174455684569973,,0.9174455684569973
MLH1_Ser508Arg,1,,true,0,,false,0.9000671623842478,,0.9000671623842478
MLH1_Cys39Tyr,0,,false,0,,false,0.8152864794413581,,0.8152864794413581
MLH1_Val185Gly,1,,true,1,,true,0.9772591661345728,,0.9772591661345728
MLH1_Gly147Arg,1,,true,0,,false,0.8933324714499334,,0.8933324714499334
MLH1_Ala681Thr,0,,false,0,,false,0.7469690959699635,,0.7469690959699635
MLH1_Ile36Met,0,,false,0,,false,0.7514190285395592,,0.7514190285395592
MLH1_Ser44Phe,1,,true,0,,false,0.9537326220268435,,0.9537326220268435
MVK_Asn301Thr,1,1,true,0,1,false,0.9673047198325794,0.9483968175291158,0.9578507686808475
MLH1_Ser295Thr,1,,true,1,,true,0.9872102269750614,,0.9872102269750614
MLH1_Lys751Arg,1,,true,0,,false,0.930673732493529,,0.930673732493529
MVK_Thr243IIe,0,0,false,0,0,false,0.5743632711303479,0.588916948432693,0.5816401097815205
MLH1_Pro640Ser,1,,true,0,,false,0.9556158014351757,,0.9556158014351757
MLH1_Lys670Arg,1,,true,0,,false,0.9577236234167684,,0.9577236234167684
