allele_0,Altered_GFP_ADJ_95_BioRep2,Altered_GFP_ADJ_95_BioRep1,Altered_GFP_ADJ_95_both_batches,Altered_GFP_ADJ_99_BioRep2,Altered_GFP_ADJ_99_BioRep1,Altered_GFP_ADJ_99_both_batches,AUROC_BioRep2,AUROC_BioRep1,AUROC_Mean
MLH1_Ser44Phe,1,1,true,1,1,true,0.9974252614601833,0.9980620627660517,0.9977436621131175
MLH1_Cys39Tyr,1,1,true,1,1,true,0.9933749071001595,0.9892141127043805,0.9912945099022701
MLH1_Ala681Thr,1,1,true,0,1,false,0.9110572055207491,0.9436309089834956,0.9273440572521223
MLH1_Ile36Met,0,1,false,0,0,false,0.7493544857107579,0.7437923895435568,0.7465734376271573
MLH1_Val185Gly,1,1,true,1,1,true,0.9937369762145903,0.9931271778893117,0.993432077051951
MLH1_Gly147Arg,1,1,true,1,1,true,0.9856519428127063,0.9843460606746367,0.9849990017436715
MLH1_Cys680Arg,1,1,true,0,1,false,0.8765930614823884,0.8786497080597515,0.8776213847710699
MLH1_Ile36Asn,1,1,true,1,1,true,0.9895103119416362,0.9814917207238548,0.9855010163327456
MLH1_Gln701His,1,1,true,1,1,true,0.9928703218359793,0.9919674189491982,0.9924188703925887
MLH1_Lys751Arg,1,1,true,0,1,false,0.8182037516041414,0.9309557542320215,0.8745797529180814
MLH1_Lys618Arg,1,1,true,0,1,false,0.9048577264484852,0.9201013958809205,0.9124795611647029
MLH1_Ser508Arg,1,1,true,0,1,false,0.8787760941330062,0.9711111463541314,0.9249436202435688
MLH1_Pro640Ser,1,1,true,0,1,false,0.931601965611112,0.9472523129025849,0.9394271392568485
MLH1_Asp485Glu,1,1,true,0,0,false,0.8510975090583504,0.8384727130746521,0.8447851110665012
MVK_Asn301Thr,1,1,true,1,1,true,0.9813561112423832,0.9721963888394956,0.9767762500409394
MVK_Thr243IIe,0,0,false,0,0,false,0.518120706662844,0.7140533893141338,0.6160870479884889
GSS_Arg125Cys,0,1,false,0,0,false,0.6958179462059517,0.7867310742428035,0.7412745102243776
MLH1_Ser295Thr,1,1,true,1,1,true,0.9811259068957306,0.9750296021962366,0.9780777545459836
MLH1_Lys670Arg,1,1,true,0,1,false,0.9253131064287159,0.9502340979631125,0.9377736021959142
MVK_Pro288Leu,0,1,false,0,0,false,0.6562896968718297,0.7696073538455337,0.7129485253586817
MLH1_His318Gln,1,1,true,0,1,false,0.889227076968418,0.9475372566535765,0.9183821668109973
MLH1_Leu653Pro,1,,true,1,,true,0.9647270910190278,,0.9647270910190278
