variant,cluster,AUROC_GFP
AMPD2_Gln190Ter,1,0.9991560283097064
STUB1_Gln196Ter,2,0.9966616617931456
THRA_Ser45Ile,2,0.9966472811136916
FBXW11_Arg481Pro,2,0.9858711353254944
LHX4_Arg259Ter,1,0.9855263553969664
TCAP_Arg33Trp,2,0.9847126308068008
ECEL1_Arg544Cys,1,0.9758612957466198
ACTC1_Met315Lys,2,0.966998196209394
PNKP_Gly375Trp,1,0.9640540074909107
COQ8A_Tyr514Cys,1,0.9617492619314978
CSNK2A1_Glu81Ala,1,0.9534969624191262
COQ8A_Arg299Trp,2,0.9531778240806712
CSNK2A1_Arg312Gln,1,0.9520891886947652
COQ8A_Arg187Cys,2,0.9511962302775224
CSNK2A1_Gln391Arg,1,0.9437656353960776
CALM3_Glu141Gly,2,0.9406901762155446
COQ8A_Phe508Ser,2,0.9395003413469184
CALM2_Asp96Val,2,0.933156599238014
COQ8A_Gly272Asp,2,0.9302417529614836
COQ8A_His85Gln,2,0.9270171877283196
COQ8A_Gly129Arg,2,0.9243522974182534
DPPA2_Cys146Tyr,1,0.9202681927856056
CALM2_Asp130Asn,2,0.9197952102563473
CALM2_Asp134His,2,0.9186947937751636
TPK1_Phe132Ser,1,0.9169400061730276
COQ8A_Gly549Ser,2,0.9165362960875704
COQ8A_Asp166Gly,2,0.9159842662430802
CALM2_Asp134Asn,2,0.9146803135805154
COQ8A_Glu585Gln,2,0.910983720620492
COQ8A_Asn465His,2,0.9102916991529296
COQ8A_Leu459Pro,2,0.90975066148425
PNKP_Cys409Arg,2,0.9071083090216876
CSNK2A1_Ala389Thr,1,0.9069752134704006
THRA_Ile170Val,2,0.9034988147452984
COQ8A_Gln343Arg,2,0.9030003704839684
CSNK2A1_Gly177Ser,1,0.9012950768054095
DPF2_Val317Gly,2,0.8790925347347107
